INSERT INTO student
  (id,name,belt,active)
  VALUES
  (0,'Robin','4 Dan',True),
  (1,'Person1','5 Kyu',True),
  (2,'Person2','3 Kyu',True),
  (3,'Person3','5 Kyu',True),
  (4,'Person4','3 Kyu',True),
  (5,'Person5','7 Kyu',True),
  (6,'Person6','8 Kyu',True),
  (7,'Person7','7 Kyu',True),
  (8,'Person8','2 Kyu',True),
  (9,'Person9','7 Kyu',True),
  (10,'Person10','10 Kyu',True),
  (11,'Person11','5 Kyu',True),
  (12,'Person12','5 Kyu',True),
  (13,'Person13','0 Kyu',True),
  (14,'Person14','9 Kyu',True),
  (15,'Person15','10 Kyu',True),
  (16,'Person16','9 Kyu',True),
  (17,'Person17','7 Kyu',True),
  (18,'Person18','7 Kyu',True),
  (19,'Person19','5 Kyu',True),
  (20,'Person20','0 Kyu',True),
  (21,'Person21','6 Kyu',True),
  (22,'Person22','4 Kyu',True),
  (23,'Person23','2 Kyu',True),
  (24,'Person24','0 Kyu',True),
  (25,'Person25','6 Kyu',True),
  (26,'Person26','1 Kyu',True),
  (27,'Person27','6 Kyu',True),
  (28,'Person28','6 Kyu',True),
  (29,'Person29','3 Kyu',True),
  (30,'Person30','6 Kyu',True),
  (31,'Person31','4 Kyu',True),
  (32,'Person32','0 Kyu',True),
  (33,'Person33','4 Kyu',True),
  (34,'Person34','1 Kyu',True),
  (35,'Person35','6 Kyu',True),
  (36,'Person36','4 Kyu',True),
  (37,'Person37','7 Kyu',True),
  (38,'Person38','9 Kyu',True),
  (39,'Person39','2 Kyu',True),
  (40,'Person40','1 Kyu',True),
  (41,'Person41','4 Kyu',True),
  (42,'Person42','9 Kyu',True),
  (43,'Person43','4 Kyu',True),
  (44,'Person44','4 Kyu',True),
  (45,'Person45','1 Kyu',True),
  (46,'Person46','8 Kyu',True),
  (47,'Person47','7 Kyu',True),
  (48,'Person48','10 Kyu',True),
  (49,'Person49','3 Kyu',True),
  (50,'Person50','8 Kyu',True),
  (51,'Person51','1 Kyu',True),
  (52,'Person52','6 Kyu',True),
  (53,'Person53','3 Kyu',True),
  (54,'Person54','0 Kyu',True),
  (55,'Person55','2 Kyu',True),
  (56,'Person56','5 Kyu',True),
  (57,'Person57','2 Kyu',True),
  (58,'Person58','10 Kyu',True),
  (59,'Person59','2 Kyu',True),
  (60,'Person60','10 Kyu',True),
  (61,'Person61','4 Kyu',True),
  (62,'Person62','8 Kyu',True),
  (63,'Person63','4 Kyu',True),
  (64,'Person64','8 Kyu',True),
  (65,'Person65','6 Kyu',True),
  (66,'Person66','7 Kyu',True),
  (67,'Person67','1 Kyu',True),
  (68,'Person68','6 Kyu',True),
  (69,'Person69','8 Kyu',True),
  (70,'Person70','9 Kyu',True),
  (71,'Person71','3 Kyu',True),
  (72,'Person72','10 Kyu',True),
  (73,'Person73','2 Kyu',True),
  (74,'Person74','9 Kyu',True),
  (75,'Person75','2 Kyu',True),
  (76,'Person76','9 Kyu',True),
  (77,'Person77','9 Kyu',True),
  (78,'Person78','8 Kyu',True),
  (79,'Person79','1 Kyu',True),
  (80,'Person80','4 Kyu',True),
  (81,'Person81','6 Kyu',True),
  (82,'Person82','4 Kyu',True),
  (83,'Person83','4 Kyu',True),
  (84,'Person84','8 Kyu',True),
  (85,'Person85','5 Kyu',True),
  (86,'Person86','3 Kyu',True),
  (87,'Person87','5 Kyu',True),
  (88,'Person88','10 Kyu',True),
  (89,'Person89','0 Kyu',True),
  (90,'Person90','2 Kyu',True),
  (91,'Person91','8 Kyu',True),
  (92,'Person92','8 Kyu',True),
  (93,'Person93','1 Kyu',True),
  (94,'Person94','7 Kyu',True),
  (95,'Person95','0 Kyu',True),
  (96,'Person96','3 Kyu',True),
  (97,'Person97','6 Kyu',True),
  (98,'Person98','2 Kyu',True),
  (99,'Person99','3 Kyu',True);


INSERT INTO instructor
  (id,username)
  VALUES
  (0,'Robin123');

INSERT INTO dojo
  (id,name,location,instructor_id)
  VALUES
  (0,'Dojo0','Location0', 0),
  (1,'Dojo1','Location1', 0),
  (2,'Dojo2','Location2', 0),
  (3,'Dojo3','Location3', 0),
  (4,'Dojo4','Location4', 0),
  (5,'Dojo5','Location5', 0),
  (6,'Dojo6','Location6', 0),
  (7,'Dojo7','Location7', 0),
  (8,'Dojo8','Location8', 0),
  (9,'Dojo9','Location9', 0),
  (10,'Dojo10','Location10', 0);


INSERT INTO enrollment
  (student_id, dojo_id)
  VALUES
  (0,8),
  (1,6), 
  (2,5), 
  (3,10),
  (4,4), 
  (5,0), 
  (6,10),
  (7,4),
  (8,4),
  (9,2),
  (10,8),
  (11,5),
  (12,5),
  (13,7),
  (14,2),
  (15,8),
  (16,2),
  (17,2),
  (18,1),
  (19,6),
  (20,2),
  (21,0),
  (22,8),
  (23,8),
  (24,3),
  (25,9),
  (26,8),
  (27,10),
  (28,8),
  (29,2),
  (30,0),
  (31,6),
  (32,0),
  (33,9),
  (34,6),
  (35,0),
  (36,9),
  (37,0),
  (38,1),
  (39,0),
  (40,3),
  (41,9),
  (42,5),
  (43,6),
  (44,4),
  (45,10),
  (46,4),
  (47,1),
  (48,0),
  (49,10),
  (50,5),
  (51,7),
  (52,8),
  (53,3),
  (54,3),
  (55,1),
  (56,5),
  (57,10),
  (58,7),
  (59,7),
  (60,7),
  (61,7),
  (62,6),
  (63,7),
  (64,5),
  (65,5),
  (66,3),
  (67,10),
  (68,6),
  (69,8),
  (70,7),
  (71,1),
  (72,3),
  (73,6),
  (74,1),
  (75,6),
  (76,1),
  (77,4),
  (78,3),
  (79,0),
  (80,4),
  (81,2),
  (82,5),
  (83,0),
  (84,4),
  (85,4),
  (86,2),
  (87,7),
  (88,7),
  (89,1),
  (90,5),
  (91,2),
  (92,9),
  (93,3),
  (94,5),
  (95,4),
  (96,4),
  (97,9),
  (98,0),
  (99,4);
